id,mode,choice,cost,time
1,bus,0,1.8005123,20.867794
1,car,1,1.5070097,18.5032
1,carpool,0,2.3356118,26.338233
1,rail,0,2.3589198,30.033469
2,bus,0,2.2371285,67.181889
2,car,0,6.0569985,31.311107
2,carpool,0,2.8969191,34.256956
2,rail,1,1.8554505,60.293126
3,bus,0,2.5763845,63.309057
3,car,1,5.7946769,22.547429
3,carpool,0,2.1374543,23.255171
3,rail,0,2.7474792,49.171643
4,bus,0,1.9035182,19.752704
4,car,1,1.8691439,26.090282
4,carpool,0,2.5724266,29.896023
4,rail,0,2.2682755,13.472675
5,bus,0,2.6860001,43.092039
5,car,1,2.4989523,4.69914
5,carpool,0,1.7220099,12.414084
5,rail,0,2.9738662,39.743252
6,bus,0,1.8476499,12.825617
6,car,1,4.7268745,3.072979
6,carpool,0,0.6241683,9.223313
6,rail,0,2.310053,43.544222
7,bus,0,2.4277433,54.091454
7,car,1,4.7349053,13.142912
7,carpool,0,0.5955673,17.766335
7,rail,0,2.001554,42.220248
8,bus,0,2.6139068,69.15692
8,car,1,5.3462003,52.89967
8,carpool,0,2.910616,48.781502
8,rail,0,2.7809705,53.252516
9,bus,1,2.4427298,45.419583
9,car,0,4.413414,61.063826
9,carpool,0,1.5911479,62.12554
9,rail,0,2.7147076,24.656412
10,bus,0,2.003332,44.432428
10,car,1,4.2425784,16.587836
10,carpool,0,1.7993008,18.309124
10,rail,0,2.1688623,29.485832
11,bus,0,1.6860691,15.723132
11,car,0,4.5956816,45.426846
11,carpool,0,2.9113332,49.051902
11,rail,1,2.1293792,38.266033
12,bus,0,2.1678075,55.347093
12,car,1,1.8645443,17.530151
12,carpool,0,0.5680549,26.731061
12,rail,0,1.9783431,32.651246
13,bus,1,1.7322482,20.20922
13,car,0,6.5041648,37.713983
13,carpool,0,2.2805527,41.152408
13,rail,0,1.9589641,44.946382
14,bus,0,1.8837529,69.950419
14,car,0,6.7442687,45.467234
14,carpool,0,2.1926255,46.570876
14,rail,1,1.8590745,44.400212
15,bus,0,2.0314579,47.859144
15,car,1,6.2402659,35.135472
15,carpool,0,0.7724917,39.068133
15,rail,0,2.1371388,24.657858
16,bus,0,2.7115209,63.70448
16,car,0,6.2633932,64.083518
16,carpool,0,1.5945123,60.936116
16,rail,1,2.2750602,52.327262
17,bus,0,2.4846608,51.685305
17,car,0,6.7561151,50.933732
17,carpool,1,1.6159335,47.23824
17,rail,0,2.7929115,61.281905
18,bus,0,1.5093606,19.23382
18,car,1,0.6431417,2.707819
18,carpool,0,1.4943596,9.866378
18,rail,0,2.1451443,21.632453
19,bus,0,2.1202362,21.933779
19,car,1,3.2161505,9.727999
19,carpool,0,1.6895963,17.833022
19,rail,0,2.7200697,32.420609
20,bus,1,1.9163299,19.984066
20,car,0,6.0666282,30.378471
20,carpool,0,1.6764339,38.769475
20,rail,0,1.7544198,33.020996
21,bus,0,1.7966418,25.598174
21,car,1,3.3202341,22.46566
21,carpool,0,2.8811149,30.410423
21,rail,0,2.5372157,26.46633
22,bus,0,1.7593562,59.901831
22,car,1,6.4597431,30.069074
22,carpool,0,2.1673868,32.778472
22,rail,0,2.0370374,66.787974
23,bus,0,1.7861941,12.130182
23,car,0,2.5499877,17.016056
23,carpool,1,1.1089997,22.246966
23,rail,0,2.544738,19.974871
24,bus,0,2.688278,42.880562
24,car,1,2.6762327,37.47729
24,carpool,0,2.846386,44.016655
24,rail,0,3.1129309,47.641137
25,bus,0,2.1272961,57.074256
25,car,0,6.0001279,28.826316
25,carpool,1,1.3609354,28.299881
25,rail,0,2.2514738,58.554555
26,bus,0,1.7616477,40.288535
26,car,1,4.1838618,40.268446
26,carpool,0,0.282559,45.833653
26,rail,0,2.2242636,27.452098
27,bus,0,1.5787321,37.908816
27,car,0,5.8730838,37.919123
27,carpool,0,1.8208991,44.747438
27,rail,1,1.5664699,55.331333
28,bus,0,2.5078292,68.734291
28,car,0,5.0130949,60.350202
28,carpool,1,2.2542612,57.949006
28,rail,0,2.7119248,64.459863
29,bus,0,2.6824973,46.909787
29,car,0,5.6043411,47.911737
29,carpool,0,1.2290478,43.404142
29,rail,1,2.7301617,33.699599
30,bus,0,1.9829989,45.284643
30,car,0,7.1388184,36.446989
30,carpool,0,1.1077285,42.984373
30,rail,1,2.5481912,40.957124
31,bus,0,2.4035473,49.754905
31,car,1,3.9540231,26.236569
31,carpool,0,2.0198766,28.391377
31,rail,0,1.94444,40.715
32,bus,0,1.8525373,43.708999
32,car,1,1.7004851,12.255571
32,carpool,0,2.0909338,18.957378
32,rail,0,2.5486978,24.708088
33,bus,0,1.628328,20.624536
33,car,0,6.6034421,46.408646
33,carpool,0,1.6075596,46.637501
33,rail,1,1.6024871,49.011981
34,bus,0,2.0974984,47.434375
34,car,1,5.7579602,19.608625
34,carpool,0,2.3086975,21.823766
34,rail,0,2.7251428,32.003515
35,bus,0,1.7814836,40.117544
35,car,1,3.2399818,19.576909
35,carpool,0,1.7463736,24.459073
35,rail,0,2.4169151,28.730548
36,bus,0,1.9058464,26.586118
36,car,1,2.0105219,6.664028
36,carpool,0,3.0700513,11.965085
36,rail,0,1.6596851,51.768008
37,bus,0,1.7742462,2.404452
37,car,1,3.855958,2.776933
37,carpool,0,2.3884508,15.012056
37,rail,0,2.1986496,4.621373
38,bus,0,1.9614746,33.463245
38,car,0,7.2061766,65.986182
38,carpool,0,1.4712737,58.501534
38,rail,1,2.3327719,40.848112
39,bus,0,1.9911703,55.575604
39,car,1,4.6332972,21.834917
39,carpool,0,2.2525363,26.173282
39,rail,0,2.4991551,56.211393
40,bus,0,2.0051506,50.632522
40,car,1,5.7189393,21.804677
40,carpool,0,1.4206502,30.338911
40,rail,0,1.8681657,51.81645
41,bus,0,2.3666036,21.374624
41,car,1,6.4922176,61.819048
41,carpool,0,3.0497062,54.793346
41,rail,0,2.0950068,46.786229
42,bus,0,2.0229801,32.975038
42,car,1,3.8042456,2.537295
42,carpool,0,0.6846188,8.809768
42,rail,0,2.1222218,56.053497
43,bus,0,1.6110762,7.828106
43,car,0,5.9548527,23.857213
43,carpool,0,0.63487,27.627329
43,rail,1,1.866469,12.676294
44,bus,0,2.5322356,67.061296
44,car,1,3.4384664,29.161494
44,carpool,0,1.7502842,34.516926
44,rail,0,2.1889987,52.803792
45,bus,0,2.3831395,22.956474
45,car,0,5.7701687,58.101944
45,carpool,0,2.1981006,56.97435
45,rail,1,2.1506461,11.553338
46,bus,0,2.493972,26.368755
46,car,1,3.5388253,10.023333
46,carpool,0,2.6890775,20.407434
46,rail,0,2.7685642,30.948911
47,bus,0,1.976601,30.169208
47,car,1,5.5708411,25.186955
47,carpool,0,3.0671387,26.515941
47,rail,0,2.5349285,54.848598
48,bus,1,1.9492281,25.41755
48,car,0,3.7261337,38.498046
48,carpool,0,0.6773506,37.071833
48,rail,0,2.2528913,25.05947
49,bus,1,1.7190779,18.375587
49,car,0,5.2422296,66.747172
49,carpool,0,3.1815736,61.411595
49,rail,0,1.6978638,18.625506
50,bus,0,2.1133127,66.838811
50,car,1,6.4659027,54.374442
50,carpool,0,1.8626737,50.652281
50,rail,0,2.3220207,71.859354
51,bus,1,1.3178322,17.670476
51,car,0,4.6844706,66.028255
51,carpool,0,0.5179493,58.762565
51,rail,0,1.4522365,34.474417
52,bus,0,2.6831792,55.283824
52,car,0,6.6848169,48.238653
52,carpool,1,1.8183041,45.428623
52,rail,0,2.9626968,51.346334
53,bus,0,1.9054497,34.449079
53,car,1,5.3972388,16.354774
53,carpool,0,1.8171313,19.467122
53,rail,0,1.9490494,29.626823
54,bus,0,2.0787153,41.634269
54,car,1,5.9405114,28.293863
54,carpool,0,2.8754635,32.008924
54,rail,0,2.7224642,21.315771
55,bus,0,1.8435906,63.355579
55,car,1,2.4191739,34.820945
55,carpool,0,1.4524564,40.636926
55,rail,0,1.8612528,33.70734
56,bus,0,1.8124038,45.262094
56,car,0,3.8043324,36.284128
56,carpool,0,0.8664449,42.955273
56,rail,1,1.5942457,29.967382
57,bus,1,1.750267,54.843913
57,car,0,5.5665643,55.076583
57,carpool,0,2.8552137,52.50007
57,rail,0,2.1824768,29.486216
58,bus,0,2.4757599,59.315383
58,car,1,2.6305317,31.304616
58,carpool,0,0.9519301,36.501845
58,rail,0,2.0397022,50.240447
59,bus,0,2.5373891,45.465075
59,car,1,3.5448836,8.066325
59,carpool,0,1.7966255,19.456559
59,rail,0,2.5486758,23.733506
60,bus,0,1.7577043,61.751924
60,car,1,3.2123949,12.590201
60,carpool,0,3.0259677,20.64524
60,rail,0,2.3542061,57.809615
61,bus,0,2.0431745,54.310068
61,car,1,4.2084363,62.104565
61,carpool,0,1.2844636,57.051602
61,rail,0,1.7695018,54.81624
62,bus,0,2.0321051,20.058243
62,car,0,4.7973854,37.691704
62,carpool,0,1.8526095,40.182068
62,rail,1,2.4520417,28.258029
63,bus,0,1.4309319,8.721442
63,car,1,2.8239366,10.294507
63,carpool,0,1.9574926,21.466087
63,rail,0,1.9413802,6.217104
64,bus,0,1.6816013,36.606795
64,car,0,3.9307519,41.086776
64,carpool,0,0.791961,43.110505
64,rail,1,1.9574771,23.491052
65,bus,0,1.9642012,55.204969
65,car,1,4.809564,28.089828
65,carpool,0,1.3758362,35.066961
65,rail,0,2.4556651,57.070314
66,bus,1,2.2750194,40.120792
66,car,0,4.7514372,38.042944
66,carpool,0,2.0931345,40.076259
66,rail,0,2.3756341,48.313781
67,bus,0,1.870777,69.067006
67,car,1,4.1781708,48.313986
67,carpool,0,2.2118576,50.987977
67,rail,0,1.7129113,70.427638
68,bus,0,1.5486976,19.313135
68,car,1,2.1568061,24.766121
68,carpool,0,0.1940423,34.103908
68,rail,0,1.7866118,24.058154
69,bus,0,1.83724,67.188082
69,car,0,7.4681015,54.257917
69,carpool,0,2.027985,50.99837
69,rail,1,1.7582025,44.042849
70,bus,0,2.1703587,58.145999
70,car,0,7.2149157,66.341559
70,carpool,1,1.1018836,59.586989
70,rail,0,2.4071029,60.061993
71,bus,0,2.2937875,21.659931
71,car,0,6.003774,55.134069
71,carpool,0,2.4508478,52.438526
71,rail,1,2.8126352,14.066537
72,bus,0,1.8002994,32.149086
72,car,0,3.3160379,39.018137
72,carpool,0,3.0003181,42.289538
72,rail,1,2.045773,20.087182
73,bus,0,1.868878,55.027081
73,car,1,6.4470223,36.236021
73,carpool,0,2.3348636,43.132545
73,rail,0,2.5924607,55.307975
74,bus,0,2.3211134,40.040485
74,car,1,3.7501669,60.813648
74,carpool,0,2.5044231,59.812928
74,rail,0,2.7919516,41.018665
75,bus,0,2.2769976,33.475918
75,car,0,5.185451,45.200773
75,carpool,1,1.8667917,42.302845
75,rail,0,2.0300458,26.59193
76,bus,1,1.0964212,18.342541
76,car,0,8.8555423,64.540819
76,carpool,0,2.9373549,63.479914
76,rail,0,1.2717194,39.824248
77,bus,1,2.2632035,26.019495
77,car,0,5.8119676,24.857726
77,carpool,0,0.7194791,29.986575
77,rail,0,1.9397196,30.473826
78,bus,0,2.3036511,68.229348
78,car,0,5.8360519,42.983672
78,carpool,1,1.2099299,45.757708
78,rail,0,2.081253,39.003873
79,bus,0,1.8775174,25.925771
79,car,0,2.7864681,18.836827
79,carpool,0,1.1358369,29.662561
79,rail,1,2.0067272,15.871665
80,bus,0,2.0782976,56.060475
80,car,1,4.8739911,2.40404
80,carpool,0,3.0568502,13.058714
80,rail,0,2.3143229,54.40508
81,bus,1,2.3532152,35.096239
81,car,0,4.8926295,62.46092
81,carpool,0,1.3127356,60.1159
81,rail,0,1.9689209,52.41057
82,bus,0,1.2197797,3.900514
82,car,1,5.1003013,10.641061
82,carpool,0,0.9617819,17.896205
82,rail,0,1.7891201,30.805434
83,bus,0,1.5281016,23.211495
83,car,1,2.31614,15.026403
83,carpool,0,1.7167535,25.370017
83,rail,0,2.0084732,24.150913
84,bus,1,1.6045286,38.874113
84,car,0,6.208333,25.094773
84,carpool,0,3.1906899,31.807802
84,rail,0,2.0491179,50.101766
85,bus,0,2.3894568,63.485937
85,car,0,7.8317311,64.444505
85,carpool,1,1.1073053,63.178155
85,rail,0,2.8748029,56.516653
86,bus,1,1.5427555,26.16435
86,car,0,7.7406398,61.671093
86,carpool,0,1.9055045,59.066996
86,rail,0,2.1134582,39.65179
87,bus,0,2.5040077,42.456072
87,car,1,0.8013203,12.935192
87,carpool,0,1.0093569,23.462697
87,rail,0,2.6700626,59.476913
88,bus,0,2.663982,57.406953
88,car,1,3.8225448,33.621892
88,carpool,0,0.9550796,33.857299
88,rail,0,2.7843808,50.574986
89,bus,0,1.6265043,24.631436
89,car,1,4.2106681,7.099503
89,carpool,0,2.875464,15.596626
89,rail,0,1.9449412,15.993956
90,bus,0,2.5853619,62.366853
90,car,1,3.2924922,46.953141
90,carpool,0,1.0022587,44.159735
90,rail,0,2.7824976,39.238228
91,bus,0,2.4767675,23.20457
91,car,1,4.1134584,48.80647
91,carpool,0,2.1149904,53.911641
91,rail,0,2.8751909,39.50471
92,bus,1,1.1685797,19.685186
92,car,0,3.8687464,62.008664
92,carpool,0,1.1354381,54.977459
92,rail,0,2.175242,23.516511
93,bus,0,2.0979292,67.612436
93,car,0,5.9658717,48.980216
93,carpool,0,3.1188289,49.667055
93,rail,1,2.0681964,61.38381
94,bus,0,1.9181835,50.357186
94,car,1,2.1260847,16.779441
94,carpool,0,2.8350616,25.566208
94,rail,0,2.5396087,25.331837
95,bus,0,2.4204985,25.456759
95,car,1,5.627785,21.123747
95,carpool,0,2.9965035,23.297593
95,rail,0,2.2340579,20.388945
96,bus,0,1.8290906,45.522535
96,car,0,7.3159906,41.751062
96,carpool,0,0.4547401,38.931079
96,rail,1,2.3073277,34.972967
97,bus,0,2.2203635,58.640618
97,car,0,6.3349578,34.331046
97,carpool,1,1.2889372,34.451567
97,rail,0,1.9970672,37.772083
98,bus,0,1.5662002,30.072834
98,car,1,4.4807522,11.497485
98,carpool,0,1.2419232,18.863799
98,rail,0,2.1288972,54.261843
99,bus,1,1.636379,25.703862
99,car,0,6.4161898,38.180657
99,carpool,0,2.1501635,37.508632
99,rail,0,2.1711122,43.623034
100,bus,1,1.567057,15.584055
100,car,0,6.1670419,20.070024
100,carpool,0,2.562995,27.105216
100,rail,0,2.4124344,47.298147
101,bus,0,2.367291,32.756191
101,car,0,6.396723,53.334598
101,carpool,0,1.4606004,50.303445
101,rail,1,2.7264506,28.852788
102,bus,1,1.8118266,9.618172
102,car,0,2.569266,38.329173
102,carpool,0,1.5090894,38.700136
102,rail,0,2.4940812,11.508207
103,bus,0,2.6609121,43.254624
103,car,1,3.7003519,33.448695
103,carpool,0,1.5929387,40.053035
103,rail,0,2.8854515,45.093315
104,bus,1,1.9159791,43.585915
104,car,0,6.4084555,57.035778
104,carpool,0,2.2005508,54.14095
104,rail,0,1.7287338,60.587372
105,bus,0,2.3031907,40.667268
105,car,1,4.6940511,45.196705
105,carpool,0,1.3869752,50.366525
105,rail,0,2.2513076,23.445908
106,bus,1,2.4325221,30.07472
106,car,0,7.1099933,52.569849
106,carpool,0,2.2005782,48.347656
106,rail,0,2.3531494,43.132634
107,bus,1,2.0736038,34.448339
107,car,0,6.416688,55.383431
107,carpool,0,3.0035899,57.081135
107,rail,0,2.2463791,33.271989
108,bus,0,1.8648811,62.900698
108,car,1,3.5642707,17.892371
108,carpool,0,0.8669091,27.779936
108,rail,0,2.2680089,38.853682
109,bus,0,2.3686561,48.485961
109,car,1,2.1537926,21.33399
109,carpool,0,0.8842852,27.89294
109,rail,0,2.4157354,26.47141
110,bus,0,2.2010959,37.343876
110,car,1,2.4697009,37.620346
110,carpool,0,2.9631959,39.896845
110,rail,0,2.1613009,24.827381
111,bus,0,2.7196808,41.414996
111,car,0,7.9696786,54.559821
111,carpool,0,0.4550079,55.709898
111,rail,1,2.6366169,38.00393
112,bus,0,1.8473865,47.900252
112,car,1,5.1486282,13.160511
112,carpool,0,0.8137393,22.646514
112,rail,0,2.0524216,56.736851
113,bus,1,1.5571166,9.677616
113,car,0,3.5426785,32.17959
113,carpool,0,2.4051338,37.722981
113,rail,0,1.5659463,17.162624
114,bus,0,2.2268328,23.385391
114,car,0,6.2248165,34.555161
114,carpool,0,2.261221,39.556891
114,rail,1,2.5746651,40.388492
115,bus,0,2.3634712,44.855206
115,car,0,4.3751356,22.277252
115,carpool,1,1.250235,29.744
115,rail,0,2.7056744,22.748696
116,bus,0,2.0794257,56.930622
116,car,1,3.937628,45.346856
116,carpool,0,1.3157802,45.184109
116,rail,0,2.1333119,65.817519
117,bus,0,2.1237853,27.602089
117,car,0,6.3233326,57.372668
117,carpool,0,1.7943434,57.770816
117,rail,1,1.869652,26.833467
118,bus,0,1.9655635,34.527382
118,car,0,5.0739588,53.179888
118,carpool,0,2.5899448,50.032521
118,rail,1,1.7273045,19.076382
119,bus,0,2.0380754,44.37505
119,car,1,5.2199742,51.024935
119,carpool,0,2.4936069,52.387122
119,rail,0,2.1958746,60.170324
120,bus,0,1.9487009,12.876084
120,car,1,4.2057357,37.337873
120,carpool,0,2.852315,42.464676
120,rail,0,2.0545277,14.13993
121,bus,0,1.6174581,6.088468
121,car,1,4.9994435,15.347346
121,carpool,0,2.4602599,21.859814
121,rail,0,2.1643552,38.045198
122,bus,1,1.7268061,12.336163
122,car,0,2.9595504,7.781037
122,carpool,0,3.0242535,13.445752
122,rail,0,1.8839974,35.23287
123,bus,0,1.8569504,41.473523
123,car,1,4.8900511,33.448273
123,carpool,0,2.5794543,35.037247
123,rail,0,1.9535347,56.748719
124,bus,0,2.6590344,58.831838
124,car,1,4.4970543,3.806397
124,carpool,0,2.6389084,9.08995
124,rail,0,2.9727861,43.328065
125,bus,0,2.4757898,48.297146
125,car,0,7.3641596,39.586666
125,carpool,0,1.6774596,38.751234
125,rail,1,1.9970461,28.424662
126,bus,1,2.2561024,40.346663
126,car,0,6.1813248,32.021358
126,carpool,0,0.2654417,39.771315
126,rail,0,2.3313025,47.430088
127,bus,0,2.0530334,64.342723
127,car,1,6.7426313,32.706833
127,carpool,0,0.5397994,36.759675
127,rail,0,2.487805,34.117746
128,bus,0,2.3327247,32.967358
128,car,1,4.92677,13.209001
128,carpool,0,2.276093,17.903232
128,rail,0,2.097566,30.961161
129,bus,0,1.3246713,10.685662
129,car,1,1.0907686,15.057227
129,carpool,0,1.1677956,21.710019
129,rail,0,1.9678066,25.66723
130,bus,1,1.7206747,15.26673
130,car,0,7.8095404,48.683796
130,carpool,0,2.6004437,45.254502
130,rail,0,2.4694047,47.082883
131,bus,0,2.011029,47.703435
131,car,1,4.725047,33.364544
131,carpool,0,1.4154863,32.531535
131,rail,0,2.6896624,61.866312
132,bus,0,2.0240352,39.474958
132,car,0,6.5330872,59.202323
132,carpool,0,3.0126921,59.730485
132,rail,1,1.9130321,32.280908
133,bus,0,2.6223338,64.207198
133,car,0,6.2297254,49.590105
133,carpool,0,0.7417223,50.451453
133,rail,1,2.2398197,52.913876
134,bus,0,2.1765277,34.081087
134,car,1,3.0307144,21.217213
134,carpool,0,0.7106699,28.780185
134,rail,0,2.3672418,52.862611
135,bus,0,1.5584866,12.461274
135,car,1,1.7661093,8.202745
135,carpool,0,2.5581837,11.851524
135,rail,0,1.4735609,22.320062
136,bus,0,1.8469406,47.810592
136,car,0,6.3249643,41.556452
136,carpool,0,2.316467,44.869465
136,rail,1,2.3444896,42.95882
137,bus,1,1.2888044,16.433155
137,car,0,5.8010899,61.223681
137,carpool,0,1.7968333,54.812425
137,rail,0,1.3282857,44.473115
138,bus,0,1.3451212,18.79323
138,car,0,7.7836881,55.286977
138,carpool,0,2.6466366,49.661756
138,rail,1,1.543413,12.406467
139,bus,0,1.7812904,40.281042
139,car,1,2.3918377,17.596714
139,carpool,0,2.845694,26.808633
139,rail,0,2.1542384,42.977474
140,bus,0,2.6702567,55.246417
140,car,1,4.9959624,7.893517
140,carpool,0,0.7277763,12.545654
140,rail,0,3.0318711,36.058551
141,bus,0,1.9613379,32.353704
141,car,0,6.6964371,58.774024
141,carpool,0,0.6215537,58.991052
141,rail,1,2.3307442,23.889733
142,bus,0,2.5277371,69.606045
142,car,0,6.4688374,54.783576
142,carpool,0,2.1715762,51.81874
142,rail,1,2.1853681,47.347733
143,bus,0,1.6291898,20.989454
143,car,1,5.342067,9.346292
143,carpool,0,3.0760105,22.203606
143,rail,0,2.0211795,43.680466
144,bus,1,1.8332771,11.817162
144,car,0,4.6995201,43.829592
144,carpool,0,3.1389333,46.053741
144,rail,0,1.9227537,28.359179
145,bus,0,2.5164511,64.422725
145,car,0,5.4293029,44.148421
145,carpool,0,2.0949201,48.698416
145,rail,1,2.011303,62.768524
146,bus,0,1.7356683,37.654433
146,car,1,3.6382398,17.992353
146,carpool,0,0.392215,26.811828
146,rail,0,2.0193783,27.848595
147,bus,0,1.5769926,29.778886
147,car,0,6.5894971,43.101238
147,carpool,0,1.9405572,47.816886
147,rail,1,1.8232347,15.13082
148,bus,1,1.3350436,17.054821
148,car,0,7.2059661,60.348051
148,carpool,0,0.7089515,62.803396
148,rail,0,1.6474079,36.361711
149,bus,0,2.2491823,31.476033
149,car,1,4.0982273,41.167708
149,carpool,0,0.9563897,47.06615
149,rail,0,2.0512726,33.29249
150,bus,0,2.6143513,43.715707
150,car,0,5.8996115,60.877501
150,carpool,0,1.397907,61.704084
150,rail,1,2.1937883,50.473411
151,bus,1,2.3570485,63.997309
151,car,0,7.8877455,54.771936
151,carpool,0,1.1160498,58.416793
151,rail,0,2.1758957,71.770009
152,bus,0,1.700374,1.968711
152,car,1,0.5865834,3.482486
152,carpool,0,0.4863635,11.988098
152,rail,0,2.2383778,24.332335
153,bus,0,2.1002037,46.464305
153,car,0,6.2514576,56.913007
153,carpool,0,1.9426128,58.653648
153,rail,1,2.2287071,47.531192
154,bus,0,2.73957,43.386064
154,car,0,4.2918258,50.683447
154,carpool,0,3.1403103,47.217073
154,rail,1,2.5880492,30.271568
155,bus,0,2.0286459,67.122061
155,car,1,3.4999668,47.566075
155,carpool,0,2.8654152,46.601685
155,rail,0,2.3037269,70.946262
156,bus,0,1.9757726,45.040421
156,car,0,6.2950358,52.637329
156,carpool,0,2.9118019,48.095749
156,rail,1,2.3570925,44.39218
157,bus,0,1.3214095,17.004609
157,car,0,5.1673747,57.862512
157,carpool,0,1.151109,54.39862
157,rail,1,1.7393518,18.66623
158,bus,0,2.1138548,63.273897
158,car,0,7.6148269,49.306736
158,carpool,0,1.7447943,47.15066
158,rail,1,2.5600332,69.970339
159,bus,0,1.6499475,16.577606
159,car,0,6.384601,52.541934
159,carpool,0,2.8332078,51.069861
159,rail,1,1.9804537,24.823931
160,bus,0,1.8083485,68.815683
160,car,0,6.2414713,65.124289
160,carpool,1,1.0310289,63.979845
160,rail,0,1.7400085,57.569601
161,bus,0,2.470606,61.81694
161,car,0,4.2897038,59.333924
161,carpool,0,2.8297822,55.854768
161,rail,1,2.6214966,48.792024
162,bus,1,2.4412016,29.323237
162,car,0,5.6217498,52.141551
162,carpool,0,0.331764,51.535233
162,rail,0,2.0441293,47.459351
163,bus,0,2.3180911,22.369954
163,car,0,8.0398133,62.818893
163,carpool,0,1.7879583,64.410936
163,rail,1,2.2792064,26.646501
164,bus,0,2.0608673,40.237705
164,car,1,4.8796124,10.742732
164,carpool,0,0.4161036,18.70994
164,rail,0,2.1267835,43.012252
165,bus,0,2.375928,47.67468
165,car,1,3.3815741,52.998193
165,carpool,0,1.2942133,50.560312
165,rail,0,1.9472356,28.731378
166,bus,0,1.5082365,21.193101
166,car,0,5.3060603,59.351992
166,carpool,0,0.7490913,59.485095
166,rail,1,1.61262,29.154579
167,bus,0,1.0930783,10.072881
167,car,1,5.6331875,31.835793
167,carpool,0,1.3908946,36.012462
167,rail,0,1.8454204,36.245815
168,bus,1,1.41606,16.928983
168,car,0,6.3521486,36.482138
168,carpool,0,1.5433729,34.920153
168,rail,0,1.7829818,42.087465
169,bus,0,2.2106068,60.560369
169,car,1,2.3874867,33.480158
169,carpool,0,1.1616681,31.881133
169,rail,0,1.9926334,39.836511
170,bus,0,2.4999506,51.931029
170,car,1,6.0415273,37.774236
170,carpool,0,0.2678379,37.22178
170,rail,0,2.6628399,59.48599
171,bus,1,2.3210779,20.76361
171,car,0,7.2682363,42.297776
171,carpool,0,0.9094705,41.175527
171,rail,0,2.0548933,49.221338
172,bus,0,2.6733147,69.441131
172,car,0,8.0647412,52.67475
172,carpool,0,1.9799737,53.874481
172,rail,1,2.7298101,58.005705
173,bus,0,1.568715,6.280715
173,car,1,3.817257,11.311738
173,carpool,0,2.9937567,20.17227
173,rail,0,1.899297,28.527517
174,bus,0,2.3281303,49.991594
174,car,0,4.4578386,62.901706
174,carpool,0,1.048459,64.23604
174,rail,1,2.6926148,35.659244
175,bus,0,2.122768,20.818119
175,car,0,5.5642899,53.702222
175,carpool,0,0.7171411,51.03309
175,rail,1,2.4194972,34.369551
176,bus,0,1.6908765,33.554766
176,car,0,7.2839543,48.176542
176,carpool,0,3.2895353,51.967648
176,rail,1,1.5933856,23.633103
177,bus,0,2.6825126,67.357233
177,car,1,4.4909915,45.753278
177,carpool,0,2.5906839,51.601529
177,rail,0,2.3398546,40.101456
178,bus,0,2.3006076,32.213164
178,car,1,2.5596752,36.656371
178,carpool,0,0.2396755,38.057257
178,rail,0,2.4264824,42.623076
179,bus,0,2.0623427,34.788717
179,car,0,3.8513265,17.58442
179,carpool,0,1.9358214,25.3648
179,rail,1,1.8030486,34.099789
180,bus,0,2.4266801,40.773965
180,car,1,4.1794241,18.404632
180,carpool,0,1.7907678,25.880261
180,rail,0,2.5360346,37.190351
181,bus,0,1.6720198,20.821422
181,car,1,5.2091618,22.24869
181,carpool,0,0.4390256,26.478952
181,rail,0,2.3998403,47.251525
182,bus,0,2.2094559,41.678694
182,car,1,2.3220534,17.899307
182,carpool,0,1.7112011,23.599018
182,rail,0,2.4551947,45.830258
183,bus,0,1.012807,17.399053
183,car,0,5.2063065,60.873582
183,carpool,0,0.3644662,61.902051
183,rail,1,2.0598329,13.97911
184,bus,0,2.2809399,20.472341
184,car,0,4.4555785,31.30927
184,carpool,0,0.8416251,39.107007
184,rail,1,2.4321224,18.19146
185,bus,0,1.7174411,36.855903
185,car,1,5.4368397,20.530008
185,carpool,0,1.1059713,28.43589
185,rail,0,1.9384851,46.392018
186,bus,0,1.9162563,30.948836
186,car,1,4.6197507,8.883638
186,carpool,0,2.5565128,20.549625
186,rail,0,2.1010006,32.661284
187,bus,0,1.9831868,62.254218
187,car,0,8.3825731,63.999841
187,carpool,0,2.9402085,59.217017
187,rail,1,2.6082869,48.330019
188,bus,0,2.1936233,58.710257
188,car,0,7.3432208,62.608518
188,carpool,0,1.3767293,60.076644
188,rail,1,1.850915,31.757151
189,bus,1,1.7950666,37.285392
189,car,0,7.5161541,55.636977
189,carpool,0,0.4199681,57.297446
189,rail,0,2.1909142,54.416024
190,bus,0,1.012559,17.718141
190,car,0,4.5736248,7.102984
190,carpool,0,0.2208512,17.776265
190,rail,1,1.3712109,16.661163
191,bus,0,2.673277,43.926087
191,car,1,6.7088819,56.642844
191,carpool,0,0.809494,59.78943
191,rail,0,2.9023359,48.336129
192,bus,0,2.6999316,52.805212
192,car,1,3.7462884,27.863747
192,carpool,0,1.7367446,31.582549
192,rail,0,2.7089715,56.468897
193,bus,0,1.1172741,15.733945
193,car,1,3.0460336,5.367312
193,carpool,0,1.9527049,15.992015
193,rail,0,1.5242505,29.919065
194,bus,0,2.6336647,42.757644
194,car,0,6.3216404,43.238547
194,carpool,0,2.0966395,45.211608
194,rail,1,2.4125436,50.145963
195,bus,0,1.7715546,34.136556
195,car,1,1.6596219,10.262578
195,carpool,0,2.4616493,17.344831
195,rail,0,1.9628887,51.142084
196,bus,1,2.1469138,22.29994
196,car,0,8.1641004,65.224086
196,carpool,0,2.5313875,64.742554
196,rail,0,2.7045677,41.710883
197,bus,1,1.4172581,10.327367
197,car,0,5.0932968,33.923242
197,carpool,0,0.7083739,41.341693
197,rail,0,1.7101241,17.453136
198,bus,0,2.2538523,35.319601
198,car,1,1.3474154,7.157949
198,carpool,0,2.0235076,11.191575
198,rail,0,1.978751,48.391999
199,bus,0,1.7618797,33.073851
199,car,0,4.3227901,27.803041
199,carpool,0,1.588321,32.058063
199,rail,1,1.6319871,18.590317
200,bus,0,1.5243382,19.785236
200,car,1,3.9344053,33.917938
200,carpool,0,1.264762,32.206831
200,rail,0,1.8466517,21.85339
201,bus,0,1.7191106,23.882192
201,car,1,2.9241521,17.769969
201,carpool,0,0.1971469,28.077288
201,rail,0,1.8260889,25.406838
202,bus,1,1.2911756,13.992665
202,car,0,5.2240991,55.168955
202,carpool,0,2.9091093,58.71303
202,rail,0,2.0740279,40.026799
203,bus,0,2.0046118,44.68953
203,car,0,7.1172829,62.209395
203,carpool,0,1.4472237,64.71575
203,rail,1,2.2621132,28.14349
204,bus,0,2.3629466,22.847053
204,car,1,1.2675429,4.819689
204,carpool,0,1.9987058,16.832578
204,rail,0,2.8408297,23.537382
205,bus,0,1.4838781,3.085139
205,car,1,3.7701709,5.971668
205,carpool,0,0.332804,18.9217
205,rail,0,1.8984443,26.388561
206,bus,0,2.0999562,48.808293
206,car,1,0.5563947,2.981204
206,carpool,0,2.5539199,15.580142
206,rail,0,2.2347011,47.147245
207,bus,0,1.8577642,62.636375
207,car,1,5.6360666,66.649217
207,carpool,0,3.1596335,60.431503
207,rail,0,2.403152,57.447665
208,bus,0,2.153217,49.969904
208,car,1,4.167031,25.669744
208,carpool,0,1.9448357,29.544243
208,rail,0,2.1448838,43.101301
209,bus,0,1.7722201,40.979459
209,car,0,6.0677956,58.520649
209,carpool,1,1.541452,55.085398
209,rail,0,1.8989641,25.395931
210,bus,0,1.9290968,44.46164
210,car,1,5.1285392,25.079076
210,carpool,0,1.3622016,28.908168
210,rail,0,1.7617001,45.721532
211,bus,0,1.8538232,35.069788
211,car,0,6.9167884,65.578482
211,carpool,0,1.378066,64.007614
211,rail,1,2.2495105,24.772562
212,bus,0,2.237758,32.291085
212,car,0,5.556891,59.775999
212,carpool,0,2.5549805,55.598055
212,rail,1,2.056321,25.722339
213,bus,0,2.3142949,38.637067
213,car,1,3.4354453,32.425308
213,carpool,0,0.4112703,35.017766
213,rail,0,1.9080309,46.835954
214,bus,0,2.1743391,48.572748
214,car,0,5.0910527,57.458806
214,carpool,0,0.2043248,57.953408
214,rail,1,2.7163089,28.862821
215,bus,0,1.9478556,53.097889
215,car,1,6.0663921,42.042887
215,carpool,0,0.3355744,46.536988
215,rail,0,2.4598933,45.846469
216,bus,0,2.6304619,68.41276
216,car,1,3.6610243,38.274892
216,carpool,0,1.3786871,43.969596
216,rail,0,2.144453,55.500708
217,bus,1,1.6274957,33.457873
217,car,0,3.6772817,31.572493
217,carpool,0,2.3642217,38.758056
217,rail,0,2.0566776,47.241582
218,bus,0,1.7525924,54.226293
218,car,1,4.9440697,61.932999
218,carpool,0,1.9226319,60.738087
218,rail,0,2.2416995,58.218744
219,bus,0,2.1025312,60.477937
219,car,1,2.6913003,7.855163
219,carpool,0,1.619107,12.339054
219,rail,0,1.9622342,44.009625
220,bus,0,1.9655407,44.79145
220,car,0,3.8049514,47.280143
220,carpool,0,1.5514891,52.083171
220,rail,1,1.8395076,33.371661
221,bus,0,1.8226645,68.100219
221,car,1,6.7276976,42.629912
221,carpool,0,0.9656653,42.729695
221,rail,0,1.8100342,43.811631
222,bus,0,1.676458,36.340682
222,car,1,4.4000646,11.455633
222,carpool,0,1.056032,23.438901
222,rail,0,1.9727459,43.877146
223,bus,0,2.7256832,54.969251
223,car,0,5.7097248,54.538983
223,carpool,0,0.8443605,52.823413
223,rail,1,2.9562838,57.016172
224,bus,0,2.0295688,40.786928
224,car,1,3.0352277,37.497321
224,carpool,0,2.8566243,43.601724
224,rail,0,1.9912715,28.011297
225,bus,0,1.489407,15.608826
225,car,0,6.4755904,25.504195
225,carpool,0,2.0788094,29.321712
225,rail,1,1.4546815,9.682278
226,bus,0,2.1570729,50.479773
226,car,1,3.033785,32.170707
226,carpool,0,0.741513,35.00799
226,rail,0,2.0966203,27.719698
227,bus,0,1.9760338,42.065283
227,car,1,0.6476687,4.180095
227,carpool,0,2.1805666,13.374969
227,rail,0,2.2763539,58.970994
228,bus,0,1.82966,46.515087
228,car,1,5.7768466,20.132348
228,carpool,0,1.0858888,30.496052
228,rail,0,1.7597636,49.433395
229,bus,0,1.8011337,32.869148
229,car,0,7.2324839,53.120258
229,carpool,0,0.8539418,49.101015
229,rail,1,1.9524109,25.119571
230,bus,0,2.3133996,25.533004
230,car,0,4.552204,49.137648
230,carpool,0,1.3377599,50.995083
230,rail,1,2.1266698,16.561276
231,bus,0,1.9527081,59.639995
231,car,1,6.0451831,50.575312
231,carpool,0,0.52465,48.854296
231,rail,0,2.5267181,54.794014
232,bus,0,2.6509012,58.211777
232,car,0,4.573944,39.172079
232,carpool,1,0.6083156,44.112068
232,rail,0,2.3504408,33.255815
233,bus,0,2.2304535,37.329562
233,car,1,3.9335593,46.537572
233,carpool,0,1.6253748,46.99928
233,rail,0,2.3228905,45.228666
234,bus,0,2.066086,59.502217
234,car,1,5.0423044,53.936589
234,carpool,0,2.5670657,50.03956
234,rail,0,2.4020745,50.319252
235,bus,0,1.7841625,28.606196
235,car,1,6.6244389,27.319974
235,carpool,0,0.3151953,32.80699
235,rail,0,2.2521678,52.885791
236,bus,0,2.3061692,29.877177
236,car,1,3.9841162,6.365077
236,carpool,0,0.5663647,19.454858
236,rail,0,2.4064338,40.646213
237,bus,1,1.5155429,22.245278
237,car,0,4.2856595,32.668975
237,carpool,0,2.7040426,31.318201
237,rail,0,1.5177371,44.931742
238,bus,1,2.2940205,26.695943
238,car,0,6.9795079,48.606668
238,carpool,0,1.0187222,48.001192
238,rail,0,2.4757872,39.988082
239,bus,0,1.8821518,51.246008
239,car,1,2.2961788,25.724509
239,carpool,0,2.7836593,26.97575
239,rail,0,2.4062259,44.94949
240,bus,0,1.7814558,29.032702
240,car,1,4.1216627,21.480708
240,carpool,0,2.4063127,28.408281
240,rail,0,2.1203146,43.488093
241,bus,0,2.2681175,69.760384
241,car,1,4.1013288,48.117649
241,carpool,0,3.1246887,43.896849
241,rail,0,2.6484949,73.997789
242,bus,1,2.5817073,48.694446
242,car,0,6.0045608,36.620453
242,carpool,0,0.8160801,40.198301
242,rail,0,2.753254,52.225827
243,bus,0,2.6263608,50.436095
243,car,1,5.1061097,31.700734
243,carpool,0,0.9112672,37.208951
243,rail,0,3.0295151,27.705552
244,bus,0,2.4798251,44.734996
244,car,0,7.2700686,61.674677
244,carpool,0,3.0765286,59.108877
244,rail,1,2.377896,24.464466
245,bus,1,1.8636297,28.956933
245,car,0,8.3829492,63.897878
245,carpool,0,0.4095802,63.284889
245,rail,0,2.2310203,38.813737
246,bus,0,2.6355878,63.011301
246,car,1,6.3016899,57.847626
246,carpool,0,0.3524631,55.722087
246,rail,0,3.0444161,68.140511
247,bus,0,1.9953244,44.552833
247,car,0,4.6477997,37.008488
247,carpool,0,2.6470302,43.359446
247,rail,1,2.050784,32.016633
248,bus,0,2.2671286,35.054038
248,car,1,3.0090365,20.03914
248,carpool,0,0.6583244,28.192811
248,rail,0,2.496561,21.287621
249,bus,0,1.7543176,40.06248
249,car,0,7.346038,62.055234
249,carpool,1,1.8256877,60.265407
249,rail,0,2.0587729,44.617619
250,bus,0,2.4474309,37.439779
250,car,1,2.0358398,20.711049
250,carpool,0,1.0161261,25.295886
250,rail,0,2.3414933,30.895441
251,bus,0,2.4092621,51.905063
251,car,1,4.8936411,16.503256
251,carpool,0,1.9893214,22.267355
251,rail,0,2.8230884,64.471667
252,bus,1,2.0226038,20.284886
252,car,0,7.1263826,49.665511
252,carpool,0,2.7370671,46.134619
252,rail,0,2.4706242,43.834787
253,bus,1,1.3457315,7.569972
253,car,0,5.3957673,21.451789
253,carpool,0,1.9152665,28.571098
253,rail,0,1.9675124,42.695719
254,bus,0,1.7829201,44.634836
254,car,1,4.131805,10.98834
254,carpool,0,0.2474435,17.64809
254,rail,0,1.6850482,40.033894
255,bus,0,2.300452,48.85459
255,car,1,3.3204424,24.275393
255,carpool,0,1.0004476,24.420588
255,rail,0,2.4076292,31.634095
256,bus,0,2.1474798,54.725095
256,car,1,1.6101081,15.798083
256,carpool,0,1.4522399,25.396501
256,rail,0,2.5362248,56.23069
257,bus,0,1.8273612,37.836389
257,car,1,5.5957692,41.231997
257,carpool,0,1.0107788,43.13756
257,rail,0,2.5539029,53.451918
258,bus,1,1.0735598,11.793974
258,car,0,3.603069,17.96208
258,carpool,0,2.4985149,20.867497
258,rail,0,2.130832,20.579803
259,bus,0,1.9267678,22.347083
259,car,0,6.431212,27.821566
259,carpool,0,0.502655,30.386848
259,rail,1,2.2677465,15.440622
260,bus,0,2.7347163,65.162349
260,car,0,6.340959,59.906604
260,carpool,0,3.2481403,54.606909
260,rail,1,2.66825,63.574274
261,bus,0,1.5979894,20.789066
261,car,0,7.5932882,66.734869
261,carpool,0,2.4120923,59.737449
261,rail,1,1.9105218,48.28868
262,bus,0,1.5400278,23.112761
262,car,0,5.7631631,49.871776
262,carpool,0,2.1403772,52.709829
262,rail,1,1.5299116,16.377329
263,bus,0,2.1940059,44.138531
263,car,1,2.5996952,25.639058
263,carpool,0,3.027006,26.610878
263,rail,0,1.8355702,61.518052
264,bus,0,1.8529999,50.779316
264,car,1,2.9307867,5.755913
264,carpool,0,1.6899023,15.487183
264,rail,0,2.3217905,46.288104
265,bus,0,1.9263982,75.681075
265,car,0,6.0897439,63.868049
265,carpool,1,1.8188942,57.339245
265,rail,0,1.8897765,73.395396
266,bus,0,2.125097,61.753293
266,car,0,8.2773568,66.870715
266,carpool,0,2.6580092,61.324172
266,rail,1,1.9345774,31.663475
267,bus,0,1.5026256,9.314908
267,car,0,6.8892282,34.883541
267,carpool,0,2.0855645,35.670681
267,rail,1,1.4138266,29.842054
268,bus,0,1.8981239,48.245278
268,car,0,4.177022,33.800782
268,carpool,1,0.3805301,38.744982
268,rail,0,2.2806262,29.600219
269,bus,0,1.9880504,46.149591
269,car,1,4.4707666,9.209446
269,carpool,0,2.4622573,14.034378
269,rail,0,1.959226,41.196017
270,bus,0,1.8142537,48.376375
270,car,1,3.9374933,20.940815
270,carpool,0,1.5403166,29.368087
270,rail,0,2.2925332,60.024115
271,bus,0,1.1345297,14.515215
271,car,1,2.0224707,6.980955
271,carpool,0,1.9683271,15.586485
271,rail,0,1.4253009,13.567914
272,bus,0,1.9648752,73.576562
272,car,1,4.5285745,61.484067
272,carpool,0,0.4416318,56.653268
272,rail,0,2.5252445,69.57444
273,bus,0,1.9183738,32.643639
273,car,0,3.9347676,54.352017
273,carpool,0,0.9582959,52.876456
273,rail,1,1.6608103,46.6142
274,bus,1,2.4221354,27.3507
274,car,0,5.6677815,48.468613
274,carpool,0,2.6872849,51.980147
274,rail,0,2.2418667,46.915089
275,bus,0,2.1955074,35.33054
275,car,1,2.5035801,5.334111
275,carpool,0,0.1293384,16.276184
275,rail,0,2.7724568,43.894621
276,bus,0,1.6925544,17.660295
276,car,1,3.8834709,28.266314
276,carpool,0,3.0475386,31.533576
276,rail,0,1.7828886,29.76141
277,bus,0,2.0232712,60.600142
277,car,1,1.5841078,4.257344
277,carpool,0,0.5818495,11.476364
277,rail,0,2.6364842,50.470412
278,bus,0,2.422914,39.564819
278,car,1,2.7943581,32.435517
278,carpool,0,1.3674884,38.57864
278,rail,0,2.3693014,25.836256
279,bus,0,2.1289681,37.664305
279,car,1,2.6193891,20.514647
279,carpool,0,2.3254269,26.751017
279,rail,0,2.319712,46.479852
280,bus,0,2.0372535,58.898524
280,car,0,4.2635433,50.46493
280,carpool,0,0.5414995,54.862342
280,rail,1,2.6721377,45.82388
281,bus,0,2.537482,40.559649
281,car,0,5.8679255,60.633625
281,carpool,0,0.4051305,60.696959
281,rail,1,2.1827591,31.231693
282,bus,0,2.4027493,48.580169
282,car,0,6.3364308,42.425429
282,carpool,0,2.4581414,43.955199
282,rail,1,2.5442298,52.152632
283,bus,0,2.5665876,65.651349
283,car,1,5.3711505,49.580961
283,carpool,0,2.8739996,50.145232
283,rail,0,3.0108691,68.829686
284,bus,0,2.4240168,41.742229
284,car,1,1.2364815,12.231051
284,carpool,0,1.3056367,15.219023
284,rail,0,2.0045186,48.145994
285,bus,0,1.821421,69.225685
285,car,0,5.2906881,52.603706
285,carpool,0,2.5972751,47.291139
285,rail,1,1.6466498,42.741033
286,bus,0,1.9624384,65.925951
286,car,0,6.1018172,56.902888
286,carpool,0,3.0508802,53.632102
286,rail,1,1.741028,58.088026
287,bus,1,1.7814947,27.796001
287,car,0,4.2134103,42.412744
287,carpool,0,3.1393328,47.173485
287,rail,0,2.2842042,17.618136
288,bus,0,1.9820094,60.197258
288,car,0,7.2805608,60.242229
288,carpool,1,2.9193507,56.794762
288,rail,0,2.0056478,57.592608
289,bus,0,2.137118,33.284097
289,car,0,7.8255276,48.178772
289,carpool,0,1.1917337,44.827009
289,rail,1,1.9755281,41.959567
290,bus,0,1.8983844,46.64913
290,car,0,4.49469,53.464836
290,carpool,0,1.941463,55.951992
290,rail,1,2.4121515,35.07279
291,bus,0,2.5096211,60.801812
291,car,0,4.6015725,49.202739
291,carpool,1,0.7117969,46.109716
291,rail,0,2.197711,53.797807
292,bus,0,2.315818,43.196716
292,car,0,4.8123579,40.939066
292,carpool,1,0.3118623,39.68035
292,rail,0,2.3184059,38.490896
293,bus,0,1.8938847,36.861323
293,car,1,3.6964251,56.303331
293,carpool,0,1.7874382,52.743914
293,rail,0,1.8333827,40.286042
294,bus,0,1.2400112,15.295351
294,car,1,0.5683417,9.019148
294,carpool,0,0.6165757,20.868772
294,rail,0,2.1745116,44.158595
295,bus,0,2.6548404,42.128084
295,car,1,4.9747175,9.496354
295,carpool,0,1.799451,14.881274
295,rail,0,2.9770007,49.144284
296,bus,0,2.5160104,61.546844
296,car,1,4.5227678,30.383919
296,carpool,0,1.4815782,34.652243
296,rail,0,2.8506421,64.312759
297,bus,0,2.5043323,50.062982
297,car,1,7.0183041,55.487109
297,carpool,0,2.5126851,56.883074
297,rail,0,2.4959851,60.299255
298,bus,0,1.9717485,44.059036
298,car,1,4.0807819,18.09304
298,carpool,0,2.3499297,20.908419
298,rail,0,1.7716344,25.994359
299,bus,0,1.1435217,2.620872
299,car,1,0.9252372,4.419751
299,carpool,0,1.8664479,18.372009
299,rail,0,1.798359,28.033047
300,bus,1,2.1120775,31.465914
300,car,0,6.1916339,28.069797
300,carpool,0,2.965969,34.675364
300,rail,0,1.779911,39.19281
301,bus,0,2.2413663,45.096691
301,car,0,5.4090979,41.289492
301,carpool,0,1.2756701,42.33659
301,rail,1,2.537462,24.300419
302,bus,0,2.2677116,25.153454
302,car,0,3.6359783,38.724491
302,carpool,0,1.5428411,43.268473
302,rail,1,2.3240994,32.013722
303,bus,0,2.1941213,70.878595
303,car,0,8.2318492,54.987035
303,carpool,1,0.5796835,55.528113
303,rail,0,2.469459,48.404025
304,bus,1,1.6708824,28.798171
304,car,0,3.5763041,22.25758
304,carpool,0,2.7726459,26.84146
304,rail,0,1.6777399,17.947941
305,bus,1,1.9867829,50.545517
305,car,0,4.5128506,61.172118
305,carpool,0,1.388613,62.958548
305,rail,0,2.0707736,33.063659
306,bus,0,2.0672024,47.264051
306,car,0,4.3185554,26.639791
306,carpool,1,2.8474777,35.524946
306,rail,0,1.930761,62.390714
307,bus,1,2.2674397,53.82493
307,car,0,7.3575516,60.627172
307,carpool,0,3.1521309,62.360437
307,rail,0,2.5202303,42.27509
308,bus,0,2.2437436,60.797358
308,car,1,4.6944246,25.669686
308,carpool,0,2.4213244,33.961752
308,rail,0,1.8659275,33.670746
309,bus,0,2.5120915,64.670973
309,car,1,4.8979174,26.485272
309,carpool,0,1.4234096,31.381986
309,rail,0,2.4045985,38.359093
310,bus,0,2.3191545,52.510798
310,car,0,7.2547628,64.670354
310,carpool,0,1.641961,56.9154
310,rail,1,2.4332499,39.601499
311,bus,1,1.9631666,43.274134
311,car,0,6.9390827,33.321253
311,carpool,0,2.7182952,38.437043
311,rail,0,2.2663842,28.822079
312,bus,0,2.1152749,42.686849
312,car,0,5.5462854,21.618303
312,carpool,0,3.1653622,30.532635
312,rail,1,2.7173746,22.125311
313,bus,0,1.4321891,15.186959
313,car,1,5.6193236,17.603688
313,carpool,0,2.1797489,26.885474
313,rail,0,2.3291247,46.094194
314,bus,0,2.2236502,33.157869
314,car,0,6.8575247,45.611905
314,carpool,0,1.3095113,50.666955
314,rail,1,2.2062565,27.836341
315,bus,0,1.6283406,22.336456
315,car,1,4.2194463,18.990745
315,carpool,0,0.3442269,25.959745
315,rail,0,1.5580957,15.074177
316,bus,0,1.8071088,30.265929
316,car,1,3.147028,36.89632
316,carpool,0,2.1245585,41.293172
316,rail,0,2.3639447,54.205139
317,bus,0,2.2225111,73.258552
317,car,0,5.659347,59.477389
317,carpool,0,2.4736321,59.95305
317,rail,1,2.043247,57.075395
318,bus,0,2.2986311,36.371405
318,car,0,7.3383849,42.979184
318,carpool,1,2.556824,46.337961
318,rail,0,2.1860955,23.037175
319,bus,0,2.4433474,52.073789
319,car,1,2.2000666,24.02733
319,carpool,0,0.2975314,34.018382
319,rail,0,1.976341,32.554735
320,bus,0,2.0396272,48.894243
320,car,0,4.7640298,54.00908
320,carpool,0,1.6519033,50.093136
320,rail,1,1.7738571,62.244222
321,bus,1,2.4402841,31.042068
321,car,0,3.0853856,51.113196
321,carpool,0,2.3492322,49.871262
321,rail,0,2.8356702,43.173137
322,bus,0,2.0999303,26.888657
322,car,0,4.0941583,50.359276
322,carpool,0,0.5178629,50.642092
322,rail,1,2.2000513,39.117436
323,bus,0,2.0010828,52.878229
323,car,1,4.9141336,21.104984
323,carpool,0,2.4178121,28.116571
323,rail,0,1.839392,45.228846
324,bus,0,2.3548254,28.248953
324,car,1,3.6797763,11.575072
324,carpool,0,1.5439623,18.290349
324,rail,0,2.2111102,40.503528
325,bus,0,2.2905043,61.145275
325,car,1,2.7891723,28.752523
325,carpool,0,0.5080298,31.20708
325,rail,0,2.2824192,31.204811
326,bus,0,1.9227494,65.274288
326,car,0,4.301102,61.316701
326,carpool,0,1.2882592,60.72362
326,rail,1,2.209005,69.827025
327,bus,0,2.6449042,57.858684
327,car,1,5.5477036,59.664899
327,carpool,0,2.9109847,58.562702
327,rail,0,2.1819665,45.525263
328,bus,1,2.1034337,38.811632
328,car,0,6.2255343,27.973699
328,carpool,0,3.031587,33.396067
328,rail,0,2.7394372,33.436425
329,bus,0,2.4272686,47.94919
329,car,0,6.2964006,48.761085
329,carpool,0,2.004165,52.510405
329,rail,1,2.6232547,52.631297
330,bus,1,2.3127056,21.002116
330,car,0,7.4744183,48.053391
330,carpool,0,1.1425043,45.352604
330,rail,0,2.0258429,16.50656
331,bus,0,1.5809961,24.5832
331,car,1,3.1601149,2.713881
331,carpool,0,1.4818998,10.81991
331,rail,0,1.5695346,49.73149
332,bus,0,1.7494214,21.354422
332,car,0,3.556138,24.56824
332,carpool,0,1.586636,34.187164
332,rail,1,2.4332921,12.992789
333,bus,0,2.1310815,59.795349
333,car,1,6.7608219,32.496148
333,carpool,0,0.9899409,38.084945
333,rail,0,2.5794957,56.69406
334,bus,1,2.4645749,21.163075
334,car,0,7.9759028,63.276665
334,carpool,0,1.0851216,65.008747
334,rail,0,2.6721458,32.756295
335,bus,1,1.7807753,36.837155
335,car,0,3.4802833,52.826857
335,carpool,0,1.2587123,56.408788
335,rail,0,1.8602824,26.717117
336,bus,0,2.4450095,59.757496
336,car,1,3.6612015,21.082131
336,carpool,0,0.2113956,28.003862
336,rail,0,2.2083671,45.752838
337,bus,1,1.5027638,22.604962
337,car,0,7.2818792,61.66694
337,carpool,0,2.8464168,63.1712
337,rail,0,1.625748,40.400993
338,bus,0,2.3368545,52.162678
338,car,0,4.6775489,55.978348
338,carpool,1,1.0660077,57.322687
338,rail,0,2.0356595,35.326361
339,bus,0,1.9389594,50.869979
339,car,0,5.3804388,61.494102
339,carpool,0,2.5574331,60.456581
339,rail,1,1.8272299,45.346729
340,bus,0,2.5793156,61.552344
340,car,0,5.933069,51.956691
340,carpool,0,0.3003875,49.451755
340,rail,1,2.8841418,67.712933
341,bus,0,2.5645877,48.308861
341,car,1,0.4099374,3.953855
341,carpool,0,0.5730296,8.385301
341,rail,0,2.7280388,35.175476
342,bus,0,2.5602714,50.833766
342,car,0,7.6139221,48.078139
342,carpool,0,3.1251283,51.843452
342,rail,1,2.2910469,40.066201
343,bus,0,2.0029249,64.665552
343,car,0,7.0538653,52.203819
343,carpool,0,2.5821034,53.486614
343,rail,1,1.7530077,37.974968
344,bus,0,1.7537564,50.897926
344,car,0,4.7368161,33.768422
344,carpool,0,2.0792499,37.226882
344,rail,1,2.3909631,44.701876
345,bus,0,1.909264,16.779644
345,car,0,3.8281742,29.902067
345,carpool,0,1.3451791,36.757467
345,rail,1,2.4608579,12.639342
346,bus,1,1.9683611,15.452818
346,car,0,5.6811162,35.13437
346,carpool,0,1.4507568,33.600832
346,rail,0,2.2464213,8.802358
347,bus,0,2.0389791,39.083948
347,car,0,6.8482087,48.900697
347,carpool,0,2.5430263,46.541705
347,rail,1,2.1097878,52.572585
348,bus,0,2.1373338,50.259214
348,car,0,8.4526143,60.033998
348,carpool,0,1.3763811,55.282603
348,rail,1,1.9841566,32.187469
349,bus,0,1.5374053,35.269922
349,car,1,4.9251939,23.355184
349,carpool,0,1.2077159,32.213812
349,rail,0,2.0656049,54.656706
350,bus,0,2.0782414,66.210611
350,car,1,4.0651043,30.57526
350,carpool,0,0.8704444,32.431436
350,rail,0,2.7281609,62.544993
351,bus,0,1.7011712,21.284664
351,car,0,4.7309116,47.71107
351,carpool,1,1.6664958,48.23531
351,rail,0,2.3868714,36.813537
352,bus,1,1.654928,16.120158
352,car,0,4.0857713,55.981083
352,carpool,0,0.9780322,52.057006
352,rail,0,2.2776688,42.764342
353,bus,0,1.2740907,18.423077
353,car,0,8.7974257,63.944571
353,carpool,0,3.2952699,61.845269
353,rail,1,1.3129427,12.296866
354,bus,0,1.8497064,61.250499
354,car,1,3.3072967,39.153821
354,carpool,0,0.5729072,40.537161
354,rail,0,1.766504,44.704784
355,bus,0,1.5682672,36.154003
355,car,1,4.0883411,11.075301
355,carpool,0,3.0684578,17.824162
355,rail,0,1.778434,45.109484
356,bus,0,2.461724,41.875611
356,car,1,1.2647596,17.113083
356,carpool,0,0.7165357,26.979631
356,rail,0,2.5597417,33.520328
357,bus,0,2.4051577,50.985435
357,car,1,1.8453703,16.399951
357,carpool,0,1.4253549,21.807367
357,rail,0,2.0315572,37.905719
358,bus,0,1.5507667,18.450114
358,car,1,4.740118,21.5795
358,carpool,0,3.122019,24.244834
358,rail,0,1.8944268,10.033086
359,bus,0,1.8645145,55.521768
359,car,0,6.3851696,39.678019
359,carpool,0,2.9275438,41.896128
359,rail,1,2.2439246,61.609247
360,bus,0,1.4068956,16.359234
360,car,0,5.7725456,56.64598
360,carpool,0,0.8443599,56.976223
360,rail,1,2.053117,23.134885
361,bus,1,1.1738448,16.911264
361,car,0,6.5527564,47.696935
361,carpool,0,1.1971889,48.194626
361,rail,0,1.8158235,35.256406
362,bus,0,2.0577584,64.684738
362,car,0,7.0504167,58.529723
362,carpool,0,2.7750977,55.435779
362,rail,1,2.6223008,40.7795
363,bus,1,2.5798194,42.764912
363,car,0,7.7355726,48.816834
363,carpool,0,1.803912,51.767068
363,rail,0,2.803623,46.087057
364,bus,0,2.1896723,55.526923
364,car,1,6.1815328,23.145355
364,carpool,0,0.3336731,27.190296
364,rail,0,1.8322732,63.094348
365,bus,0,2.5284118,42.614494
365,car,1,1.2626696,9.307076
365,carpool,0,0.4081667,19.733299
365,rail,0,2.7248779,54.78113
366,bus,0,1.9181492,45.873163
366,car,0,6.3535193,28.494432
366,carpool,0,2.7726711,35.614054
366,rail,1,2.0008326,27.342244
367,bus,0,2.5049653,48.20831
367,car,1,3.962805,47.100151
367,carpool,0,2.6013349,48.180414
367,rail,0,2.2818529,48.549685
368,bus,1,1.9109139,13.877786
368,car,0,2.9874294,25.941729
368,carpool,0,0.324109,33.640232
368,rail,0,2.1601926,11.940014
369,bus,1,2.0113603,46.183579
369,car,0,6.189717,58.066099
369,carpool,0,1.4469217,60.636237
369,rail,0,2.5355968,42.917353
370,bus,0,1.504163,21.419292
370,car,1,2.485741,15.156768
370,carpool,0,0.6299115,19.082112
370,rail,0,1.6347847,45.842957
371,bus,0,2.4474933,69.795308
371,car,1,3.1487186,51.61471
371,carpool,0,2.1169712,51.403242
371,rail,0,2.6103504,37.923761
372,bus,0,1.9733183,45.007193
372,car,1,5.7623556,37.152355
372,carpool,0,1.5364169,43.030684
372,rail,0,2.6071603,22.871325
373,bus,0,1.9308818,44.688397
373,car,1,6.6322891,30.425911
373,carpool,0,1.8609161,37.463604
373,rail,0,2.3119809,44.757832
374,bus,0,2.3353515,59.475281
374,car,1,1.5481665,11.262999
374,carpool,0,0.7029254,15.192629
374,rail,0,2.0099774,51.463835
375,bus,0,2.1438728,53.8132
375,car,1,3.7997844,54.953481
375,carpool,0,0.2382572,52.312575
375,rail,0,2.6042897,30.34088
376,bus,0,1.7833865,32.248949
376,car,1,1.0725011,5.387578
376,carpool,0,0.3086876,10.437027
376,rail,0,1.6640947,30.807681
377,bus,0,1.9551571,45.770597
377,car,1,2.9739817,41.106033
377,carpool,0,0.7914948,41.333201
377,rail,0,1.7034469,36.225184
378,bus,0,1.8982346,22.264484
378,car,0,4.0595124,37.184839
378,carpool,0,3.0260864,43.145256
378,rail,1,2.5960717,32.791236
379,bus,0,1.6335861,15.771299
379,car,1,1.6811803,20.744534
379,carpool,0,1.7933584,31.565671
379,rail,0,2.1234649,35.194311
380,bus,0,1.958271,58.176093
380,car,1,3.0306452,47.469891
380,carpool,0,2.0268403,43.081601
380,rail,0,1.762908,68.918622
381,bus,0,2.2701319,62.521299
381,car,1,4.5882408,48.410067
381,carpool,0,1.8203424,46.32416
381,rail,0,2.4345242,68.397945
382,bus,0,2.2911373,31.015008
382,car,0,5.0008841,53.627274
382,carpool,0,0.6435983,54.29705
382,rail,1,2.2376342,22.566146
383,bus,1,1.1107522,13.091742
383,car,0,3.3955084,30.571507
383,carpool,0,1.4126163,33.448048
383,rail,0,1.7311276,22.922389
384,bus,1,1.9906315,15.792392
384,car,0,4.9788542,40.743808
384,carpool,0,2.7360589,45.920501
384,rail,0,1.8163996,21.663422
385,bus,0,1.9413944,44.712554
385,car,0,5.9852929,44.722823
385,carpool,0,2.3702799,50.417731
385,rail,1,2.3984587,43.646321
386,bus,0,1.7723465,42.867134
386,car,0,2.7602404,39.185019
386,carpool,1,2.2374764,42.455314
386,rail,0,2.0459825,41.648144
387,bus,0,2.0189136,21.585707
387,car,1,4.1077032,6.426309
387,carpool,0,1.6814291,14.492985
387,rail,0,2.4629815,48.629924
388,bus,0,2.5746241,63.309019
388,car,1,2.8216656,34.804686
388,carpool,0,0.5508652,34.25967
388,rail,0,2.7901794,70.912342
389,bus,0,2.3707794,44.761472
389,car,1,3.6654218,11.953745
389,carpool,0,0.3583387,22.818946
389,rail,0,2.3672225,35.892078
390,bus,0,1.5397125,24.930403
390,car,1,6.1093766,34.700732
390,carpool,0,1.289134,40.12162
390,rail,0,2.2043123,29.40576
391,bus,0,2.4046137,56.750179
391,car,1,2.6426942,9.084664
391,carpool,0,0.2480031,20.46627
391,rail,0,2.718832,60.190196
392,bus,0,1.7961473,48.463483
392,car,0,6.1550738,57.724615
392,carpool,0,2.0565154,56.11903
392,rail,1,2.4691231,33.753064
393,bus,0,2.2383236,64.618422
393,car,1,3.4676572,32.942242
393,carpool,0,0.2020492,35.002876
393,rail,0,2.4804298,41.213294
394,bus,1,1.5698219,25.978635
394,car,0,4.4712406,37.628114
394,carpool,0,1.8067624,36.155747
394,rail,0,2.2486056,51.402366
395,bus,0,1.5453872,19.982933
395,car,1,4.6073844,49.045139
395,carpool,0,0.3964134,46.80992
395,rail,0,1.7393937,19.001374
396,bus,0,2.6404718,63.650316
396,car,1,4.2616292,53.103509
396,carpool,0,0.6814101,48.563421
396,rail,0,2.7808584,58.24207
397,bus,1,2.320198,21.333207
397,car,0,5.8279345,56.090562
397,carpool,0,2.5348822,50.32926
397,rail,0,2.1256595,30.795897
398,bus,0,2.0948651,42.833675
398,car,0,2.3603927,35.853012
398,carpool,0,0.8256904,37.828293
398,rail,1,2.28682,23.527991
399,bus,1,2.3677901,31.375879
399,car,0,7.8135083,52.922274
399,carpool,0,3.0904102,55.138645
399,rail,0,2.4807527,52.352428
400,bus,0,2.2703778,69.695569
400,car,0,7.2669627,50.523506
400,carpool,0,0.8992015,47.719073
400,rail,1,2.0887827,41.64199
401,bus,0,1.8232415,56.865626
401,car,0,7.6857905,61.739832
401,carpool,1,0.7897795,60.569237
401,rail,0,2.0226833,42.140221
402,bus,0,2.0453243,23.801137
402,car,1,3.8044232,31.675662
402,carpool,0,3.0359131,31.730711
402,rail,0,2.7188595,24.383692
403,bus,1,1.6710931,23.559444
403,car,0,6.4029307,59.434431
403,carpool,0,0.9284086,55.88279
403,rail,0,1.8489861,12.759865
404,bus,0,1.7779246,42.669626
404,car,0,5.9780487,38.234825
404,carpool,0,1.798289,37.694389
404,rail,1,2.067112,23.967165
405,bus,1,1.376721,15.519329
405,car,0,5.1036568,30.054881
405,carpool,0,0.3727131,31.187938
405,rail,0,1.6741007,33.337011
406,bus,0,2.5366067,43.083933
406,car,0,7.5791392,52.907183
406,carpool,0,0.6419748,47.511515
406,rail,1,2.3198267,43.506392
407,bus,0,2.1722651,31.383124
407,car,1,4.4019498,20.377003
407,carpool,0,2.3730999,30.671515
407,rail,0,1.907437,39.792877
408,bus,1,1.8629787,37.195391
408,car,0,8.5485186,63.151187
408,carpool,0,1.8913876,61.123764
408,rail,0,2.0704606,29.19097
409,bus,0,1.8219435,38.940367
409,car,1,2.4878129,36.433482
409,carpool,0,2.7712072,40.72669
409,rail,0,1.9948801,38.508596
410,bus,0,1.9777481,66.661867
410,car,1,3.5153329,34.283454
410,carpool,0,2.487396,39.907406
410,rail,0,1.8990554,36.303298
411,bus,0,2.3878698,48.779885
411,car,1,2.4561664,28.221596
411,carpool,0,0.290121,37.549955
411,rail,0,2.1191465,48.185708
412,bus,1,1.8916245,38.771358
412,car,0,6.9413381,59.48293
412,carpool,0,0.5808593,57.553205
412,rail,0,2.3604529,35.999625
413,bus,1,2.4403442,32.684345
413,car,0,4.7250626,36.705635
413,carpool,0,1.509765,41.128574
413,rail,0,2.8833057,34.542171
414,bus,0,2.1303122,35.43807
414,car,0,7.4599455,53.649507
414,carpool,0,1.1188301,48.038074
414,rail,1,2.6474257,19.221316
415,bus,0,2.3685016,64.474545
415,car,1,3.4224825,53.231812
415,carpool,0,0.8572205,53.624124
415,rail,0,2.1369416,66.192342
416,bus,1,1.5375825,12.941615
416,car,0,4.68416,28.585953
416,carpool,0,1.586493,35.386503
416,rail,0,1.8518658,37.633554
417,bus,0,1.7606766,13.668586
417,car,1,2.0741947,25.638504
417,carpool,0,2.9551329,35.3511
417,rail,0,2.4458315,26.898398
418,bus,1,2.1956093,69.26557
418,car,0,7.7994372,58.617544
418,carpool,0,0.6281383,54.433418
418,rail,0,2.1854593,47.583089
419,bus,1,1.5513861,26.00882
419,car,0,5.0197908,44.236257
419,carpool,0,1.556358,49.22729
419,rail,0,1.853679,47.044819
420,bus,0,2.459761,45.707289
420,car,0,4.4376648,38.854593
420,carpool,0,3.0734209,42.610691
420,rail,1,2.2408022,23.638511
421,bus,0,1.835929,58.138211
421,car,0,5.7762922,33.512659
421,carpool,1,0.6493442,36.109736
421,rail,0,2.4883408,67.434778
422,bus,1,2.0083613,49.529762
422,car,0,7.8781772,55.651712
422,carpool,0,1.3175705,57.76194
422,rail,0,1.9746967,55.552545
423,bus,0,2.4967692,31.868167
423,car,0,5.8649184,28.44941
423,carpool,0,2.0361744,35.201594
423,rail,1,2.1751459,21.532775
424,bus,0,1.4690645,18.636495
424,car,0,7.3222033,50.736582
424,carpool,0,2.1048598,53.019556
424,rail,1,2.0273967,20.880028
425,bus,0,2.6305926,55.087541
425,car,1,4.6729512,26.785213
425,carpool,0,2.091476,33.096044
425,rail,0,2.5863119,29.8395
426,bus,0,2.4149361,74.525074
426,car,1,4.4696658,59.78277
426,carpool,0,1.2162379,56.729061
426,rail,0,2.204855,65.974112
427,bus,0,1.5237199,39.308093
427,car,1,5.1453866,56.98095
427,carpool,0,1.539271,56.388651
427,rail,0,1.5781162,43.628022
428,bus,1,1.6375865,14.942284
428,car,0,5.4730509,43.198196
428,carpool,0,2.9753639,44.153951
428,rail,0,2.1955515,17.580929
429,bus,0,2.408906,34.140728
429,car,0,5.9464725,55.105518
429,carpool,1,0.3520595,49.514186
429,rail,0,2.8463912,20.302708
430,bus,0,2.6642784,48.426601
430,car,1,4.2834004,29.40575
430,carpool,0,1.6990677,36.114108
430,rail,0,2.5692681,31.110976
431,bus,0,2.2609731,63.290087
431,car,0,5.1055501,53.924208
431,carpool,0,1.4957346,55.922886
431,rail,1,2.7660639,34.984247
432,bus,0,2.5533083,44.360657
432,car,1,1.9195893,24.217723
432,carpool,0,0.8352763,30.677643
432,rail,0,2.412204,59.92293
433,bus,0,1.7647013,52.208017
433,car,1,1.8210882,28.199005
433,carpool,0,1.8030797,34.279525
433,rail,0,1.7718708,58.708405
434,bus,0,2.6396596,43.719985
434,car,1,2.7151996,26.863766
434,carpool,0,1.0984242,31.414723
434,rail,0,2.3911065,24.839025
435,bus,0,2.3784357,38.499818
435,car,0,6.1476771,33.164324
435,carpool,0,1.8593466,32.42135
435,rail,1,2.5350316,22.423171
436,bus,0,2.1734322,43.723145
436,car,1,5.3087248,44.135378
436,carpool,0,2.3040677,48.40747
436,rail,0,2.6086257,45.284588
437,bus,0,2.1834773,36.046559
437,car,0,5.9892869,17.384833
437,carpool,0,3.073502,27.7231
437,rail,1,1.8445739,22.036442
438,bus,1,1.2593739,4.765345
438,car,0,5.5737957,16.771067
438,carpool,0,3.2095867,28.067445
438,rail,0,1.9128798,20.759377
439,bus,0,2.2649819,59.232776
439,car,0,5.2745338,58.296772
439,carpool,0,2.3499122,53.663776
439,rail,1,2.3121567,43.924723
440,bus,1,1.9794713,27.931009
440,car,0,4.7178593,21.937787
440,carpool,0,0.8292498,29.716534
440,rail,0,2.6062523,45.094129
441,bus,0,2.0273233,49.417157
441,car,1,3.7522973,42.742934
441,carpool,0,3.0992652,44.145697
441,rail,0,1.8856457,47.445282
442,bus,0,2.6245042,44.233499
442,car,1,4.7415099,30.278482
442,carpool,0,1.5502693,36.71321
442,rail,0,2.96172,42.723627
443,bus,0,2.1681629,49.744991
443,car,0,3.7250345,52.29685
443,carpool,1,2.3201495,47.856618
443,rail,0,2.7293522,57.545083
444,bus,1,1.8872233,16.350582
444,car,0,7.7277227,55.80517
444,carpool,0,2.4145491,52.529202
444,rail,0,2.5495452,35.4319
445,bus,0,2.0833205,35.090878
445,car,0,3.4887964,13.196111
445,carpool,1,0.6316745,22.065288
445,rail,0,2.0577502,53.287517
446,bus,0,2.2418841,25.715301
446,car,1,5.1518221,9.734367
446,carpool,0,1.4413717,17.47653
446,rail,0,1.9029454,45.0472
447,bus,0,2.3114554,30.479003
447,car,1,4.1795218,34.830776
447,carpool,0,1.6965736,33.074819
447,rail,0,2.6446454,54.092648
448,bus,0,1.8647507,47.461778
448,car,1,4.0503823,20.499338
448,carpool,0,0.256031,22.626643
448,rail,0,2.4583837,27.423472
449,bus,0,2.0660437,27.271918
449,car,0,6.9909012,48.022792
449,carpool,0,0.5151369,44.501577
449,rail,1,2.1711745,18.966319
450,bus,0,1.9003786,66.117345
450,car,1,4.5916473,29.444192
450,carpool,0,2.8911484,33.727087
450,rail,0,1.7944071,39.842459
451,bus,0,1.7546741,23.387729
451,car,1,3.2362372,16.349017
451,carpool,0,1.2068146,18.975074
451,rail,0,2.0236712,43.298276
452,bus,1,2.461495,52.404315
452,car,0,6.9327402,65.420641
452,carpool,0,1.1718606,60.481668
452,rail,0,2.612489,48.370662
453,bus,0,2.2147912,67.815635
453,car,0,6.5315094,59.566073
453,carpool,1,1.4081715,55.141406
453,rail,0,1.8563379,73.447286
